<?xml version="1.0" encoding="UTF-8"?>
<list version="1.0">
	<fvm_meta theme_code="" is_biz="0" />
	<theme id="business" name="Business Friendly" thumb=""/>
	<theme id="whiteboard" name="Whiteboard Animation" thumb="" />
	<theme id="infographics" name="Video Infographics" thumb="" />
	<theme id="import" name="Imported Assets (Using the .bat)" thumb="" />
	<theme id="zimmertwins" name="Zimmer Twins" thumb="" />
	<theme id="custom" name="Comedy World" thumb="" />
	<theme id="Community" name="Community Library #1" thumb="" />
	<theme id="commu" name="Community Library #2" thumb="" />
	<theme id="action" name="Lil' Peepz" thumb="" />
	<theme id="common" name="Common" thumb="matchboy-stand.swf" />
	<theme id="retro" name="Cartoon Classics" thumb="ann-stand.swf" />
	<theme id="sticklybiz" name="Stickly Business" thumb="" />
	<theme id="vietnam" name="Jungle Warfare" thumb="" />
	<theme id="monstermsh" name="Monsters Mayhem" thumb="" />
	<theme id="stick" name="Stick Figure" thumb="" />
	<theme id="animal" name="Lil' Petz" thumb="" />
	<theme id="politics2" name="White Houserz" thumb="" />
	<theme id="chibi" name="Chibi Peepz" thumb="" />
	<theme id="space" name="Space Peepz" thumb="" />
	<theme id="ninja" name="Chibi Ninjas" thumb="" />
	<theme id="anime" name="Anime" thumb="" />
	<theme id="ninjaanime" name="Ninja Anime" thumb="" />
	<theme id="christmas" name="Holiday &amp; Seasonal" thumb="santa-stand.swf" />
	<theme id="spacecitizen" name="Space Citizens" thumb="" />
	<theme id="commoncraft" name="Common Craft" thumb="" />
	<theme id="politic" name="Politics &amp; Celebrity" thumb="hilary-stand.swf" />
	<theme id="fullenergy" name="Full Energy" thumb="" />
	<theme id="akon" name="AKON" />
	<theme id="ben10" name="Ben 10" />
	<theme id="bizmodels" name="Business Models" />
	<theme id="botdf" name="Blood on the Dance Floor (Unused)" />
	<!-- I planned to disable botdf, but i'm gonna ask you guys first -->
	<!-- What's botdf? ~CLarramore -->
	<!--BOTDF is a cancelled cc2 theme. It dosen't really have much in it, so I was suggesting we remove it-->
	<theme id="bunny" name="It's Happy Bunny" enable="Y" />
	<theme id="chowder" name="Chowder" enable="Y" />
	<theme id="domo" name="Domo" enable="Y" />
	<theme id="monkeytalk" name="SuperRica &amp; Rashy" enable="Y" />
	<theme id="sf" name="Street Fighter" enable="Y" />
	<theme id="startrek" name="Star Trek Quogs" enable="Y" />
	<theme id="street" name="Street (Unused)" enable="Y" />
	<theme id="underdog" name="Saturday Morning TV" enable="Y" />
	<theme id="willie" name="Willie Nelson" enable="Y" />
	<theme id="toonadv" name="Toon Adventure" enable="Y" />
	<theme id="commondupe" name="Common (Duplicate)" thumb="matchboy-stand.swf"  />
	<word></word>
	<whiteword />
	<excludeAssetIDs />
	<points money="0" sharing="0" />
</list>
