<?xml version="1.0" encoding="utf-8"?>
<theme id="import" name="Imported Assets" cc_theme_id="import">
<!--Sorry that there's no indenting, I couldn't get the import script to keep that.-->
<!--Also, be sure to leave a blank line before <theme>, otherwise the import script breaks.-->
<char id="327068788" name="the benson apparition" cc_theme_id="family" thumbnail_url="char-default.png" copyable="Y">
<tags>family,every,copy,of,wrapper,offline,is,_free,software,but,is,also,_cat:personalized</tags>
</char>
<prop id="1050.png" name="1050" holdable="0" wearable="0" placeable="1" facing="left" thumb="" aid="9004" enable="Y" is_premium="N" money="0" sharing="0" />
<prop id="28.png" name="28" holdable="0" wearable="0" placeable="1" facing="left" thumb="" aid="9004" enable="Y" is_premium="N" money="0" sharing="0" />
<prop id="33.png" name="33" holdable="0" wearable="0" placeable="1" facing="left" thumb="" aid="9004" enable="Y" is_premium="N" money="0" sharing="0" />
<prop id="467.png" name="467" holdable="0" wearable="0" placeable="1" facing="left" thumb="" aid="9004" enable="Y" is_premium="N" money="0" sharing="0" />
<prop id="837b.png" name="837b" holdable="0" wearable="0" placeable="1" facing="left" thumb="" aid="9004" enable="Y" is_premium="N" money="0" sharing="0" />
<prop id="aeuhhh.png" name="aeuhhh" holdable="0" wearable="0" placeable="1" facing="left" thumb="" aid="9004" enable="Y" is_premium="N" money="0" sharing="0" />
<prop id="clipart1250808.png" name="clipart1250808" holdable="0" wearable="0" placeable="1" facing="left" thumb="" aid="9004" enable="Y" is_premium="N" money="0" sharing="0" />
<prop id="clipart2766878.png" name="clipart2766878" holdable="0" wearable="0" placeable="1" facing="left" thumb="" aid="9004" enable="Y" is_premium="N" money="0" sharing="0" />
<prop id="d9x8n2k-bb0a927d-ea2e-45a7-9b54-11947cd8c4ad.png" name="d9x8n2k-bb0a927d-ea2e-45a7-9b54-11947cd8c4ad" holdable="0" wearable="0" placeable="1" facing="left" thumb="" aid="9004" enable="Y" is_premium="N" money="0" sharing="0" />
<sound id="down_with_the_sickness.mp3" name="down with the sickness" subtype="bgmusic" duration="216373" downloadtype="progressive" aid="24304" enable="Y" is_premium="N" money="0" sharing="0" />
<sound id="fenneko_laugh.mp3" name="fenneko laugh" subtype="soundeffect" duration="1671" downloadtype="progressive" aid="24304" enable="Y" is_premium="N" money="0" sharing="0" />
<prop id="Gracie_Films_Lady.png" name="Gracie_Films_Lady" holdable="0" wearable="0" placeable="1" facing="left" thumb="" aid="9004" enable="Y" is_premium="N" money="0" sharing="0" />
<prop id="Greg_Berlanti.png" name="Greg_Berlanti" holdable="0" wearable="0" placeable="1" facing="left" thumb="" aid="9004" enable="Y" is_premium="N" money="0" sharing="0" />
<sound id="heart_attack.mp3" name="heart attack" subtype="bgmusic" duration="22308" downloadtype="progressive" aid="24304" enable="Y" is_premium="N" money="0" sharing="0" />
<sound id="home_movies_intro.mp3" name="home movies intro" subtype="bgmusic" duration="18364" downloadtype="progressive" aid="24304" enable="Y" is_premium="N" money="0" sharing="0" />
<prop id="hqdefault.jpg" name="hqdefault" holdable="0" wearable="0" placeable="1" facing="left" thumb="" aid="9004" enable="Y" is_premium="N" money="0" sharing="0" />
<prop id="Image510.jpg" name="Image510" holdable="0" wearable="0" placeable="1" facing="left" thumb="" aid="9004" enable="Y" is_premium="N" money="0" sharing="0" />
<prop id="kyle_did_911.png" name="kyle did 911" holdable="0" wearable="0" placeable="1" facing="left" thumb="" aid="9004" enable="Y" is_premium="N" money="0" sharing="0" />
<prop id="Louis-1.jpg" name="Louis-1" holdable="0" wearable="0" placeable="1" facing="left" thumb="" aid="9004" enable="Y" is_premium="N" money="0" sharing="0" />
<prop id="NicePng_lady-finger-png_2618297.png" name="NicePng_lady-finger-png_2618297" holdable="0" wearable="0" placeable="1" facing="left" thumb="" aid="9004" enable="Y" is_premium="N" money="0" sharing="0" />
<sound id="ownzone.mp3" name="ownzone" subtype="soundeffect" duration="1302" downloadtype="progressive" aid="24304" enable="Y" is_premium="N" money="0" sharing="0" />
<prop id="Rey_Lightsaber.png" name="Rey_Lightsaber" holdable="0" wearable="0" placeable="1" facing="left" thumb="" aid="9004" enable="Y" is_premium="N" money="0" sharing="0" />
<prop id="sample_007e35a08dc36e0fa67271d32687fd46.jpg" name="sample_007e35a08dc36e0fa67271d32687fd46" holdable="0" wearable="0" placeable="1" facing="left" thumb="" aid="9004" enable="Y" is_premium="N" money="0" sharing="0" />
<sound id="sound_56.mp3" name="sound 56" subtype="soundeffect" duration="1302" downloadtype="progressive" aid="24304" enable="Y" is_premium="N" money="0" sharing="0" />
<sound id="sound_57.mp3" name="sound 57" subtype="soundeffect" duration="1326" downloadtype="progressive" aid="24304" enable="Y" is_premium="N" money="0" sharing="0" />
<sound id="sound_59.mp3" name="sound 59" subtype="soundeffect" duration="442" downloadtype="progressive" aid="24304" enable="Y" is_premium="N" money="0" sharing="0" />
<sound id="taco-bell-bong-sfx.mp3" name="taco-bell-bong-sfx" subtype="soundeffect" duration="1959" downloadtype="progressive" aid="24304" enable="Y" is_premium="N" money="0" sharing="0" />
<prop id="the_gay_channel.png" name="the gay channel" holdable="0" wearable="0" placeable="1" facing="left" thumb="" aid="9004" enable="Y" is_premium="N" money="0" sharing="0" />
<sound id="toytitle.mp3" name="toytitle" subtype="bgmusic" duration="152352" downloadtype="progressive" aid="24304" enable="Y" is_premium="N" money="0" sharing="0" />
<prop id="Turbo_K.O.png" name="Turbo_K.O" holdable="0" wearable="0" placeable="1" facing="left" thumb="" aid="9004" enable="Y" is_premium="N" money="0" sharing="0" />
<sound id="Tim_Allens_Home_Improvement_Grunt.mp3" name="Tim Allen's Home Improvement Grunt" subtype="soundeffect" duration="1332" downloadtype="progressive" aid="24304" enable="Y" is_premium="N" money="0" sharing="0" />
<prop id="c74f1e4305841c032fcc0d8a1bd487a8.swf" name="c74f1e4305841c032fcc0d8a1bd487a8" holdable="0" wearable="0" placeable="1" facing="left" thumb="" aid="9004" enable="Y" is_premium="N" money="0" sharing="0" />
<prop id="Tumblr_lwqh5asrbW1r2i3ndo1_400.swf" name="Tumblr_lwqh5asrbW1r2i3ndo1_400" holdable="0" wearable="0" placeable="1" facing="left" thumb="" aid="9004" enable="Y" is_premium="N" money="0" sharing="0" />
<sound id="fl_studio_metronome.mp3" name="fl studio metronome" subtype="soundeffect" duration="7680" downloadtype="progressive" aid="24304" enable="Y" is_premium="N" money="0" sharing="0" />
<sound id="Beep_30sec.mp3" name="Beep_30sec" subtype="soundeffect" duration="30040" downloadtype="progressive" aid="24304" enable="Y" is_premium="N" money="0" sharing="0" />
<sound id="BABABOOEY_Sound_Effect.mp3" name="BABABOOEY_Sound_Effect" subtype="soundeffect" duration="835" downloadtype="progressive" aid="24304" enable="Y" is_premium="N" money="0" sharing="0" />

</theme>
